"Code","Transport","Longitude","Latitude","Station","District.Name","Neighborhood.Name"
"K001","Underground",2.11937,41.399203,"FGC (L6) - REINA ELISENDA (Sortida Duquesa d'Orleans)-","Sarrià-Sant Gervasi","Sarrià"
"K001","Underground",2.135427,41.397791,"FGC (L6) - LA BONANOVA-","Sarrià-Sant Gervasi","Sant Gervasi - Galvany"
"K001","Underground",2.185391,41.451492,"METRO (L11) - CASA DE L'AIGUA (C. Vila-Real)-","Nou Barris","la Trinitat Nova"
"K001","Underground",2.174473,41.460889,"METRO (L11) - CIUTAT MERIDIANA (C. Pedraforca)-","Nou Barris","Ciutat Meridiana"
"K001","Underground",2.168588,41.3872,"METRO (L1) - CATALUNYA (Rda. Universitat)-","Eixample","la Dreta de l'Eixample"
"K001","Underground",2.168507,41.387706,"METRO (L1) - CATALUNYA (Rambla de Catalunya)-","Eixample","la Dreta de l'Eixample"
"K001","Underground",2.118998,41.398967,"FGC (L6) - REINA ELISENDA-","Sarrià-Sant Gervasi","Sarrià"
"K001","Underground",2.083994,41.362753,"METRO (L5) - SANT ILDEFONS-","",""
"K001","Underground",2.142987,41.424923,"METRO (L3, L5) - VALL D'HEBRON (C. de les Basses d'Horta)-","Horta-Guinardó","la Vall d'Hebron"
"K002","Railway (FGC)",2.158326,41.392331,"FGC - PROVENÇA (C. de Provença)-","Eixample","l'Antiga Esquerra de l'Eixample"
"K001","Underground",2.100302,41.362977,"METRO (L1) - RAMBLA JUST OLIVERAS-","",""
"K001","Underground",2.179581,41.40018,"METRO (L2) - MONUMENTAL (C. de la Marina)-","Eixample","el Fort Pienc"
"K001","Underground",2.153966,41.37907,"METRO (L1) - ROCAFORT (C. de Rocafort)-","Eixample","la Nova Esquerra de l'Eixample"
"K001","Underground",2.168735,41.389295,"METRO (L2) - PASSEIG DE GRÀCIA (Pg. de Gràcia)-","Eixample","la Dreta de l'Eixample"
"K001","Underground",2.161228,41.430042,"METRO (L5) - HORTA (Pl. d'Eivissa)-","Horta-Guinardó","Horta"
"K011","Tram",2.098896,41.376486,"TRAMVIA (T1,T2,T3) - CA N'OLIVERES-","",""
"K001","Underground",2.13319,41.373293,"METRO (L1) - MERCAT NOU (C. d'Antoni de Capmany)-","Sants-Montjuïc","Sants"
"K001","Underground",2.145478,41.378565,"METRO (L3) - TARRAGONA-","Eixample","la Nova Esquerra de l'Eixample"
"K001","Underground",2.147798,41.434855,"METRO (L3) - MUNDET (Can Marcet)-","Horta-Guinardó","la Vall d'Hebron"
"K001","Underground",2.148557,41.435325,"METRO (L3) - MUNDET (Can Marcet)-","Horta-Guinardó","la Vall d'Hebron"
"K001","Underground",2.215909,41.41174,"METRO (L4) - EL MARESME-FÒRUM (C. del Maresme)-","Sant Martí","el Besòs i el Maresme"
"K001","Underground",2.163252,41.385015,"METRO (L2) - UNIVERSITAT-","Eixample","Sant Antoni"
"K011","Tram",2.197653,41.411242,"TRAMVIA (T5, T6) - ESPRONCEDA-","Sant Martí","Provençals del Poblenou"
"K011","Tram",2.115012,41.38048,"TRAMVIA (T1,T2,T3) - AVINGUDA DE XILE-","Les Corts","la Maternitat i Sant Ramon"
"K011","Tram",2.106023,41.376071,"TRAMVIA (T1,T2,T3) - CAN RIGAL-","",""
"K011","Tram",2.222916,41.430456,"TRAMVIA (T5) - ENCANTS DE SANT ADRIÀ-","",""
"K011","Tram",2.219829,41.411777,"TRAMVIA (T4) - FÒRUM-","Sant Martí","el Besòs i el Maresme"
"K011","Tram",2.230412,41.423854,"TRAMVIA (T4, T6) - ESTACIÓ DE SANT ADRIÀ-","",""
"K011","Tram",2.062227,41.360383,"TRAMVIA (T1,T2) - FONTSANTA-FATJÓ-","",""
"K008","Maritime station",2.182868,41.370929,"Estació Marítima INTERNACIONAL-","",""
"K001","Underground",2.125369,41.357005,"FGC (L8) - EUROPA / FIRA-","",""
"K001","Underground",2.178826,41.444145,"METRO (L4) - VIA JÚLIA (Via Júlia - Joaquim Valls)-","Nou Barris","la Prosperitat"
"K001","Underground",2.141603,41.380858,"METRO (L3) - SANTS ESTACIÓ (C. de Numància)-","Sants-Montjuïc","Sants"
"K001","Underground",2.171334,41.394796,"METRO (L4) - GIRONA (C. de Girona)-","Eixample","la Dreta de l'Eixample"
"K001","Underground",2.172883,41.436715,"METRO (L4) - LLUCMAJOR (Pg. del Verdum)-","Nou Barris","la Guineueta"
"K001","Underground",2.127313,41.375605,"METRO (L5) - BADAL-","Sants-Montjuïc","Sants - Badal"
"K001","Underground",2.202855,41.403481,"METRO (L4) - POBLENOU (C. de Pujades)-","Sant Martí","el Poblenou"
"K001","Underground",2.180781,41.423505,"METRO (L5) - CONGRÉS (C. de Garcilaso)-","Sant Andreu","el Congrés i els Indians"
"K001","Underground",2.14909,41.374291,"METRO (L3) - ESPANYA (Pl. d'Espanya)-","Sants-Montjuïc","el Poble-sec"
"K003","RENFE",2.181768,41.496321,"RENFE - MONTCADA-RIPOLLET-","",""
"K003","RENFE",2.170436,41.388108,"RENFE - CATALUNYA-","Eixample","la Dreta de l'Eixample"
"K003","RENFE",2.09108,41.331201,"RENFE - EL PRAT DE LLOBREGAT-","",""
"K011","Tram",2.076889,41.365513,"TRAMVIA (T1,T2) - EL PEDRÒ-","",""
"K001","Underground",2.127857,41.388357,"METRO (L3) - MARIA CRISTINA (Pl. de la Reina Maria Cristina)-","Les Corts","les Corts"
"K001","Underground",2.163681,41.384514,"METRO (L2) - UNIVERSITAT (Rda. de Sant Antoni)-","Eixample","Sant Antoni"
"K001","Underground",2.106775,41.373558,"METRO (L5) - PUBILLA CASES-","",""
"K001","Underground",2.155013,41.423558,"METRO (L5) - EL CARMEL (C. de Llobregós - Mercat)-","Horta-Guinardó","el Carmel"
"K001","Underground",2.084164,41.363278,"METRO (L5) - SANT ILDEFONS-","",""
"K001","Underground",2.072672,41.356107,"METRO (L5) - CORNELLÀ CENTRE-","",""
"K001","Underground",2.072404,41.356151,"METRO (L5) - CORNELLÀ CENTRE-","",""
"K001","Underground",2.149504,41.419877,"METRO (L5) - EL COLL / LA TEIXONERA (C. del Beat Almató)-","Gràcia","el Coll"
"K001","Underground",2.176315,41.404257,"METRO (L2) - SAGRADA FAMÍLIA-","Eixample","la Sagrada Família"
"K001","Underground",2.16623,41.412431,"METRO (L4) - ALFONS X (Parc de les Aigües)-","Horta-Guinardó","el Baix Guinardó"
"K001","Underground",2.165088,41.412123,"METRO (L4) - ALFONS X (Pl. d'Alfons el Savi)-","Horta-Guinardó","el Baix Guinardó"
"K001","Underground",2.224024,41.442346,"METRO (L10) - LA SALUT-","",""
"K001","Underground",2.180022,41.400331,"METRO (L2) - MONUMENTAL (C. de la Diputació)-","Eixample","el Fort Pienc"
"K001","Underground",2.170433,41.375177,"METRO (L3) - PARAL·LEL (C. Nou de la Rambla)-","Ciutat Vella","el Raval"
"K002","Railway (FGC)",2.135427,41.397791,"FGC - BONANOVA-","Sarrià-Sant Gervasi","Sant Gervasi - Galvany"
"K002","Railway (FGC)",2.139248,41.405731,"FGC - EL PUTXET-","Sarrià-Sant Gervasi","el Putxet i el Farró"
"K011","Tram",2.075814,41.372339,"TRAMVIA (T3) - SANT MARTÍ DE L'ERM-","",""
"K002","Railway (FGC)",2.125112,41.39896,"FGC - SARRIÀ-","Sarrià-Sant Gervasi","les Tres Torres"
"K001","Underground",2.207988,41.451908,"METRO (L1) - SANTA COLOMA-","",""
"K001","Underground",2.20835,41.451604,"METRO (L1) - SANTA COLOMA-","",""
"K001","Underground",2.186428,41.39558,"METRO (L1) - MARINA (Av. Meridiana)-","Eixample","el Fort Pienc"
"K004","Airport train",2.189397,41.410259,"Tren AEROPORT - CLOT-","Sant Martí","el Clot"
"K001","Underground",2.217787,41.451728,"METRO (L1) - FONDO-","",""
"K001","Underground",2.110686,41.351236,"METRO (L1) - BELLVITGE-","",""
"K002","Railway (FGC)",2.073187,41.444795,"FGC - LA FLORESTA-","",""
"K011","Tram",2.134953,41.412807,"TRAMVIA BLAU - AV. TIBIDABO (Bosch i Alsina-Josep Mª Florensa)-","Sarrià-Sant Gervasi","Sant Gervasi - la Bonanova"
"K011","Tram",2.075217,41.378842,"TRAMVIA (T3) - RAMBLA DE SANT JUST-","",""
"K011","Tram",2.22618,41.418903,"TRAMVIA (T4, T6) - PORT FÒRUM-","",""
"K002","Railway (FGC)",2.167015,41.385919,"FGC - CATALUNYA (C. de Balmes)-","Eixample","la Dreta de l'Eixample"
"K001","Underground",2.228147,41.435342,"METRO (L2) - SANT ROC-","",""
"K001","Underground",2.209671,41.408202,"METRO (L4) - SELVA DE MAR (C. de la Selva de Mar)-","Sant Martí","Diagonal Mar i el Front Marítim del Poblenou"
"K011","Tram",2.084309,41.373477,"TRAMVIA (T1,T2,T3) - LA SARDANA-","",""
"K002","Railway (FGC)",2.137173,41.410227,"FGC - AVINGUDA DEL TIBIDABO-","Sarrià-Sant Gervasi","Sant Gervasi - la Bonanova"
"K001","Underground",2.175485,41.394285,"METRO (L2) - TETUAN (Pl. de Tetuan)-","Eixample","la Dreta de l'Eixample"
"K001","Underground",2.17912,41.459624,"METRO (L11) - TORRE BARÓ - VALLBONA (C. Sant Feliu de Codines)-","Nou Barris","Torre Baró"
"K001","Underground",2.129976,41.369557,"METRO (L1) - SANTA EULÀLIA-","",""
"K001","Underground",2.176558,41.425638,"METRO (L5) - MARAGALL (Av. de Borbó)-","Nou Barris","Vilapicina i la Torre Llobeta"
"K001","Underground",2.160904,41.395745,"METRO (L3) - DIAGONAL (Pg. de Gràcia)-","Eixample","la Dreta de l'Eixample"
"K001","Underground",2.170725,41.38604,"METRO (L3) - CATALUNYA (C. Fontanella)-","Ciutat Vella","el Barri Gòtic"
"K001","Underground",2.145084,41.411401,"METRO (L3) - VALLCARCA-","Gràcia","Vallcarca i els Penitents"
"K001","Underground",2.15177,41.388946,"METRO (L5) - HOSPITAL CLÍNIC (C. de Villarroel)-","Eixample","l'Antiga Esquerra de l'Eixample"
"K001","Underground",2.130075,41.398154,"FGC (L6) - LES TRES TORRES-","Sarrià-Sant Gervasi","les Tres Torres"
"K002","Railway (FGC)",2.142617,41.403596,"FGC - PADUA-","Sarrià-Sant Gervasi","Sant Gervasi - Galvany"
"K002","Railway (FGC)",2.11937,41.399203,"FGC - REINA ELISENDA (Sortida Duquesa d'Orleans)-","Sarrià-Sant Gervasi","Sarrià"
"K001","Underground",2.215908,41.446684,"METRO (L9) - SANTA ROSA-","",""
"K001","Underground",2.183562,41.430861,"METRO (L1) - FABRA I PUIG (Av. Meridiana)-","Sant Andreu","Sant Andreu"
"K001","Underground",2.110976,41.351991,"METRO (L1) - BELLVITGE-","",""
"K001","Underground",2.137493,41.37525,"METRO (L1) - PLAÇA DE SANTS (C. de Sants)-","Sants-Montjuïc","Sants"
"K001","Underground",2.187072,41.395422,"METRO (L1) - MARINA (C. dels Almogàvers)-","Sant Martí","el Parc i la Llacuna del Poblenou"
"K001","Underground",2.131389,41.384545,"METRO (L3) - LES CORTS-","Les Corts","les Corts"
"K001","Underground",2.187086,41.416156,"METRO (L1) - NAVAS-","Sant Andreu","Navas"
"K001","Underground",2.160483,41.42973,"METRO (L5) - HORTA (C. del Tajo)-","Horta-Guinardó","Horta"
"K001","Underground",2.173684,41.43758,"METRO (L4) - LLUCMAJOR (Pg. del Verdum)-","Nou Barris","la Guineueta"
"K010","Cableway",2.180119,41.372103,"Transbordador del Port - Jaume I-","Ciutat Vella","el Raval"
"K008","Maritime station",2.178562,41.359077,"Estació Marítima B-","",""
"K001","Underground",2.177118,41.44795,"METRO (L3) - ROQUETES (Pla dels Cirerers)-","Nou Barris","les Roquetes"
"K001","Underground",2.184457,41.449665,"METRO (L3) - TRINITAT NOVA (Parc/Tamariu)-","Nou Barris","la Trinitat Nova"
"K001","Underground",2.184161,41.449514,"METRO (L3) - TRINITAT NOVA-","Nou Barris","la Trinitat Nova"
"K001","Underground",2.177349,41.422701,"METRO (L4) - MARAGALL (Rda. del Guinardó)-","Horta-Guinardó","el Guinardó"
"K001","Underground",2.150676,41.388476,"METRO (L5) - HOSPITAL CLÍNIC (C. del Comte d'Urgell)-","Eixample","l'Antiga Esquerra de l'Eixample"
"K001","Underground",2.141512,41.381522,"METRO (L3) - SANTS ESTACIÓ-","Sants-Montjuïc","Sants"
"K001","Underground",2.120049,41.375998,"METRO (L5) - COLLBLANC-","",""
"K004","Airport train",2.165256,41.39187,"Tren AEROPORT - PASSEIG DE GRÀCIA-","Eixample","la Dreta de l'Eixample"
"K003","RENFE",2.021024,41.410017,"RENFE - MOLINS DE REI-","",""
"K003","RENFE",2.249093,41.445856,"RENFE - BADALONA-","",""
"K003","RENFE",2.187908,41.409832,"RENFE - CLOT-","Sant Martí","el Clot"
"K003","RENFE",2.189397,41.410259,"RENFE - CLOT-","Sant Martí","el Clot"
"K003","RENFE",2.167379,41.481319,"RENFE - MONTCADA I REIXAC-STA. MARIA-","",""
"K003","RENFE",2.181952,41.393385,"RENFE - ARC DE TRIOMF-","Eixample","el Fort Pienc"
"K003","RENFE",2.16875,41.387019,"RENFE - CATALUNYA-","Eixample","la Dreta de l'Eixample"
"K001","Underground",2.090782,41.366055,"METRO (L5) - CAN BOIXERES-","",""
"K001","Underground",2.217371,41.433504,"METRO (L2) - ARTIGUES-SANT ADRIÀ-","",""
"K001","Underground",2.180381,41.391664,"METRO (L1) - ARC DE TRIOMF (Avda. de Vilanova)-","Eixample","el Fort Pienc"
"K001","Underground",2.142362,41.375134,"METRO (L1) - HOSTAFRANCS (C. del Moianès)-","Sants-Montjuïc","Hostafrancs"
"K001","Underground",2.163163,41.406001,"METRO (L4) - JOANIC (C. de Pi i Margall)-","Gràcia","el Camp d'en Grassot i Gràcia Nova"
"K001","Underground",2.217241,41.433816,"METRO (L2) - ARTIGUES-SANT ADRIÀ-","",""
"K001","Underground",2.150029,41.375363,"METRO (L3) - ESPANYA (Gv. Corts Catalanes)-","Eixample","Sant Antoni"
"K001","Underground",2.16169,41.375204,"METRO (L3) - POBLE SEC (Av. del Paral.lel)-","Eixample","Sant Antoni"
"K001","Underground",2.174845,41.429404,"METRO (L5) - VIRREI AMAT (Pl. de Virrei Amat)-","Nou Barris","Vilapicina i la Torre Llobeta"
"K001","Underground",2.182124,41.423447,"METRO (L5) - CONGRÉS (Pl. dels Indians)-","Sant Andreu","el Congrés i els Indians"
"K001","Underground",2.167494,41.399121,"METRO (L5) - VERDAGUER (C. de Bailèn)-","Eixample","la Dreta de l'Eixample"
"K001","Underground",2.195013,41.415283,"METRO (L2) - BAC DE RODA-","Sant Martí","Sant Martí de Provençals"
"K001","Underground",2.193133,41.429748,"METRO (L9, L10) - ONZE DE SETEMBRE-","Sant Andreu","Sant Andreu"
"K001","Underground",2.142617,41.403596,"FGC (L7) - PADUA-","Sarrià-Sant Gervasi","Sant Gervasi - Galvany"
"K001","Underground",2.143251,41.398645,"FGC (L6) - MUNTANER-","Sarrià-Sant Gervasi","Sant Gervasi - Galvany"
"K001","Underground",2.182802,41.407068,"METRO (L2) - ENCANTS (C. de València)-","Sant Martí","el Camp de l'Arpa del Clot"
"K001","Underground",2.151636,41.399679,"FGC (L6,L7) - GRÀCIA (C. de Marià Cubí)-","Sarrià-Sant Gervasi","Sant Gervasi - Galvany"
"K001","Underground",2.125789,41.398544,"FGC (L6) - SARRIÀ-","Sarrià-Sant Gervasi","les Tres Torres"
"K001","Underground",2.180061,41.392387,"METRO (L1) - ARC DE TRIOMF-","Eixample","el Fort Pienc"
"K001","Underground",2.157006,41.438128,"METRO (L3) - VALLDAURA-","Horta-Guinardó","Horta"
"K002","Railway (FGC)",2.142754,41.398631,"FGC - MUNTANER-","Sarrià-Sant Gervasi","Sant Gervasi - Galvany"
"K011","Tram",2.213571,41.417238,"TRAMVIA (T5, T6) - ALFONS EL MAGNÀNIM-","Sant Martí","el Besòs i el Maresme"
"K011","Tram",2.217564,41.41938,"TRAMVIA (T5, T6) - PARC DEL BESÓS-","",""
"K002","Railway (FGC)",2.130828,41.397781,"FGC - LES TRES TORRES-","Sarrià-Sant Gervasi","les Tres Torres"
"K001","Underground",2.187272,41.423089,"METRO (L1) - LA SAGRERA (C. de Garcilaso)-","Sant Andreu","la Sagrera"
"K001","Underground",2.187513,41.402698,"METRO (L1) - GLÒRIES-","Sant Martí","el Parc i la Llacuna del Poblenou"
"K001","Underground",2.186842,41.395574,"METRO (L1) - MARINA-","Sant Martí","el Parc i la Llacuna del Poblenou"
"K001","Underground",2.164571,41.386145,"METRO (L1) - UNIVERSITAT (Rda. de la Universitat)-","Eixample","la Dreta de l'Eixample"
"K001","Underground",2.190501,41.442298,"METRO (L1) - TORRAS I BAGES (C. de Palomar)-","Sant Andreu","Sant Andreu"
"K001","Underground",2.217064,41.451761,"METRO (L1) - FONDO-","",""
"K001","Underground",2.187098,41.402063,"METRO (L1) - GLÒRIES (Av. Meridiana)-","Sant Martí","el Parc i la Llacuna del Poblenou"
"K001","Underground",2.102669,41.357404,"METRO (L1) - AVINGUDA CARRILET-","",""
"K011","Tram",2.193551,41.408024,"TRAMVIA (T5, T6) - CAN JAUMANDREU-","Sant Martí","Provençals del Poblenou"
"K002","Railway (FGC)",2.147016,41.401372,"FGC - SANT GERVASI-","Sarrià-Sant Gervasi","Sant Gervasi - Galvany"
"K001","Underground",2.228502,41.435868,"METRO (L2) - SANT ROC-","",""
"K011","Tram",2.132153,41.415065,"TRAMVIA BLAU - AV. TIBIDABO (Teodor Roviralta-Adrià Margarit)-","Sarrià-Sant Gervasi","Sant Gervasi - la Bonanova"
"K001","Underground",2.186173,41.410117,"METRO (L2) - CLOT (C. de Sibelius)-","Sant Martí","el Camp de l'Arpa del Clot"
"K001","Underground",2.103659,41.368289,"METRO (L1) - CAN SERRA-","",""
"K001","Underground",2.103234,41.367647,"METRO (L1) - CAN SERRA-","",""
"K001","Underground",2.159449,41.382955,"METRO (L1) - URGELL (Gv. Corts Catalanes)-","Eixample","l'Antiga Esquerra de l'Eixample"
"K001","Underground",2.163015,41.379953,"METRO (L2) - SANT ANTONI-","Eixample","Sant Antoni"
"K001","Underground",2.078917,41.357389,"METRO (L5) - GAVARRA-","",""
"K001","Underground",2.166992,41.430601,"METRO (L5) - VILAPICINA (C. de Canfranc)-","Nou Barris","el Turó de la Peira"
"K001","Underground",2.159849,41.382668,"METRO (L1) - URGELL (C. de Villarroel)-","Eixample","Sant Antoni"
"K001","Underground",2.16776,41.430824,"METRO (L5) - VILAPICINA-","Nou Barris","el Turó de la Peira"
"K002","Railway (FGC)",2.00528,41.398991,"FGC - CAN ROS-","",""
"K002","Railway (FGC)",2.031499,41.363609,"FGC - COLÒNIA GÜELL-","",""
"K001","Underground",2.118699,41.398423,"FGC (L6) - REINA ELISENDA (Sortida J. V. Foix)-","Sarrià-Sant Gervasi","Sarrià"
"K001","Underground",2.139887,41.381979,"METRO (L3) - SANTS ESTACIÓ (C. d'Enric Bargés)-","Sants-Montjuïc","Sants"
"K001","Underground",2.164163,41.385551,"METRO (L1) - UNIVERSITAT-","Eixample","Sant Antoni"
"K001","Underground",2.160122,41.396315,"METRO (L3) - DIAGONAL (Av. Diagonal)-","Eixample","la Dreta de l'Eixample"
"K001","Underground",2.175987,41.377112,"METRO (L3) - DRASSANES (C. del Portal de Santa Madrona)-","Ciutat Vella","el Raval"
"K001","Underground",2.174676,41.394956,"METRO (L2) - TETUAN (Pl. de Tetuan)-","Eixample","la Dreta de l'Eixample"
"K001","Underground",2.174133,41.430266,"METRO (L5) - VIRREI AMAT (Pg. Fabra i Puig)-","Nou Barris","Vilapicina i la Torre Llobeta"
"K001","Underground",2.187229,41.415812,"METRO (L1) - NAVAS (C. de Palència)-","Sant Andreu","Navas"
"K001","Underground",2.181619,41.44867,"METRO (L4,L11) - TRINITAT NOVA (Aiguablava)-","Nou Barris","la Trinitat Nova"
"K001","Underground",2.176324,41.411021,"METRO (L5) - SANT PAU-DOS DE MAIG-","Eixample","la Sagrada Família"
"K001","Underground",2.138801,41.375217,"METRO (L1) - PLAÇA DE SANTS (C. de Sants)-","Sants-Montjuïc","Sants"
"K001","Underground",2.152507,41.399554,"FGC (L6,L7) - GRÀCIA-","Gràcia","la Vila de Gràcia"
"K001","Underground",2.118013,41.385808,"METRO (L3) - PALAU REIAL (Av. Diagonal)-","Les Corts","la Maternitat i Sant Ramon"
"K001","Underground",2.208411,41.407903,"METRO (L4) - SELVA DE MAR (C. de Provençals)-","Sant Martí","Diagonal Mar i el Front Marítim del Poblenou"
"K001","Underground",2.168457,41.430572,"METRO (L5) - VILAPICINA (Pg. de Fabra i Puig)-","Nou Barris","el Turó de la Peira"
"K011","Tram",2.05321,41.379349,"Tramvia (T3) - SANT FELIU/CONSELL COMARCAL-","",""
"K011","Tram",2.203312,41.40744,"TRAMVIA (T4) - FLUVIÀ-","Sant Martí","Provençals del Poblenou"
"K009","Funicular",2.111267,41.409124,"Funicular VALLVIDRERA - inferior-","Sarrià-Sant Gervasi","Sarrià"
"K003","RENFE",2.183101,41.430862,"RENFE - SANT ANDREU ARENAL-","Sant Andreu","Sant Andreu"
"K001","Underground",2.23821,41.444591,"METRO (L2) - PEP VENTURA-","",""
"K001","Underground",2.18566,41.382674,"METRO (L4) - BARCELONETA-","Ciutat Vella","Sant Pere, Santa Caterina i la Ribera"
"K001","Underground",2.206472,41.423961,"METRO (L4) - LA PAU-","Sant Martí","la Verneda i la Pau"
"K001","Underground",2.177694,41.424269,"METRO (L4) - MARAGALL-","Sant Andreu","el Congrés i els Indians"
"K001","Underground",2.203212,41.40344,"METRO (L4) - POBLENOU-","Sant Martí","el Poblenou"
"K001","Underground",2.126495,41.387932,"METRO (L3) - MARIA CRISTINA (Av. Diagonal)-","Les Corts","la Maternitat i Sant Ramon"
"K003","RENFE",2.165256,41.39187,"RENFE - PASSEIG DE GRÀCIA-","Eixample","la Dreta de l'Eixample"
"K003","RENFE",2.169312,41.387546,"RENFE - CATALUNYA-","Eixample","la Dreta de l'Eixample"
"K003","RENFE",2.188597,41.409995,"RENFE - CLOT-","Sant Martí","el Clot"
"K003","RENFE",2.185449,41.384232,"RENFE - DE FRANÇA-","Ciutat Vella","Sant Pere, Santa Caterina i la Ribera"
"K011","Tram",2.087563,41.376495,"TRAMVIA (T1,T2,T3) - PONT D'ESPLUGUES-","",""
"K011","Tram",2.066109,41.356699,"TRAMVIA (T1,T2) - LES AIGÜES-","",""
"K001","Underground",2.239146,41.445295,"METRO (L2) - PEP VENTURA-","",""
"K001","Underground",2.173104,41.388481,"METRO (L4) - URQUINAONA-","Ciutat Vella","Sant Pere, Santa Caterina i la Ribera"
"K001","Underground",2.168592,41.40017,"METRO (L4) - VERDAGUER-","Eixample","la Dreta de l'Eixample"
"K001","Underground",2.209904,41.430056,"METRO (L2) - VERNEDA-","",""
"K001","Underground",2.118297,41.375791,"METRO (L5) - COLLBLANC-","",""
"K001","Underground",2.121098,41.37556,"METRO (L5) - COLLBLANC-","",""
"K001","Underground",2.174535,41.415996,"METRO (L4) - HOSPITAL DE SANT PAU-GUINARDÓ-","Horta-Guinardó","el Guinardó"
"K001","Underground",2.183464,41.431138,"METRO (L1) - FABRA I PUIG (Av. Meridiana)-","Sant Andreu","Sant Andreu"
"K001","Underground",2.187238,41.402882,"METRO (L1) - GLÒRIES (Pl. de les Glòries Catalanes)-","Sant Martí","el Parc i la Llacuna del Poblenou"
"K001","Underground",2.182475,41.449285,"METRO (L4,L11) - TRINITAT NOVA-","Nou Barris","la Trinitat Nova"
"K001","Underground",2.126019,41.375495,"METRO (L5) - BADAL (C. Carreras i Candi)-","Sants-Montjuïc","Sants - Badal"
"K001","Underground",2.159106,41.394536,"METRO (L5) - DIAGONAL (C. del Rosselló)-","Eixample","la Dreta de l'Eixample"
"K001","Underground",2.034689,41.357711,"FGC (L8) - MOLÍ NOU-CIUTAT COOPERATIVA-","",""
"K001","Underground",2.163409,41.37899,"METRO (L2) - SANT ANTONI (Rda. Sant Antoni)-","Ciutat Vella","el Raval"
"K001","Underground",2.173372,41.389401,"METRO (L1) - URQUINAONA (Pl. d'Urquinaona)-","Eixample","la Dreta de l'Eixample"
"K001","Underground",2.143265,41.403133,"FGC (L7) - PADUA-","Sarrià-Sant Gervasi","Sant Gervasi - Galvany"
"K001","Underground",2.174591,41.394624,"METRO (L2) - TETUAN-","Eixample","la Dreta de l'Eixample"
"K001","Underground",2.206689,41.423827,"METRO (L2) - LA PAU-","Sant Martí","la Verneda i la Pau"
"K001","Underground",2.043259,41.348145,"FGC (L8) - SANT BOI-","",""
"K001","Underground",2.139248,41.405731,"FGC (L7) - EL PUTXET-","Sarrià-Sant Gervasi","el Putxet i el Farró"
"K002","Railway (FGC)",2.135502,41.397638,"FGC - BONANOVA-","Sarrià-Sant Gervasi","Sant Gervasi - Galvany"
"K011","Tram",2.192089,41.387575,"TRAMVIA (T4) - CIUTADELLA-VILA OLÍMPICA-","Sant Martí","la Vila Olímpica del Poblenou"
"K011","Tram",2.058263,41.363968,"TRAMVIA (T1,T2) - BON VIATGE-","",""
"K011","Tram",2.062535,41.36756,"TRAMVIA (T2) - LA FONTSANTA-","",""
"K011","Tram",2.134102,41.41411,"TRAMVIA BLAU - AV. TIBIDABO (Rda. de Dalt-Bosch i Alsina)-","Sarrià-Sant Gervasi","Sant Gervasi - la Bonanova"
"K001","Underground",2.137301,41.37557,"METRO (L1) - PLAÇA DE SANTS (C. de Sants)-","Sants-Montjuïc","Sants"
"K001","Underground",2.117531,41.35536,"FGC (L8) - GORNAL-","",""
"K001","Underground",2.19105,41.436433,"METRO (L1) - SANT ANDREU (Pl. d'Orfila)-","Sant Andreu","Sant Andreu"
"K001","Underground",2.187202,41.410828,"METRO (L1) - CLOT (C. de València)-","Sant Martí","el Clot"
"K001","Underground",2.100569,41.363695,"METRO (L1) - RAMBLA JUST OLIVERAS-","",""
"K002","Railway (FGC)",2.151636,41.399679,"FGC - GRÀCIA (C. de Marià Cubí)-","Sarrià-Sant Gervasi","Sant Gervasi - Galvany"
"K008","Maritime station",2.173815,41.364315,"Estació Marítima Grimaldi Lines","Sants-Montjuïc","la Marina del Prat Vermell"
"K003","RENFE",2.147997,41.492347,"RENFE - CERDANYOLA DEL VALLÈS-","",""
"K002","Railway (FGC)",2.124523,41.39935,"FGC - SARRIÀ-","Sarrià-Sant Gervasi","Sarrià"
"K002","Railway (FGC)",2.130463,41.361391,"FGC - ILDEFONS CERDÀ-","",""
"K001","Underground",2.15988,41.375147,"METRO (L3) - POBLE SEC-","Eixample","Sant Antoni"
"K011","Tram",2.22531,41.427474,"TRAMVIA (T5) - SANT JOAN BAPTISTA-","",""
"K001","Underground",2.217105,41.414575,"METRO (L4) - BESÒS MAR (C. d'Alfons el Magnànim)-","Sant Martí","el Besòs i el Maresme"
"K002","Railway (FGC)",2.125789,41.398544,"FGC - SARRIÀ-","Sarrià-Sant Gervasi","les Tres Torres"
"K001","Underground",2.169507,41.387625,"METRO (L1) - CATALUNYA-","Eixample","la Dreta de l'Eixample"
"K001","Underground",2.171017,41.462556,"METRO (L11) - CAN CUIÀS (C. Circumval·lació - Montcada)-","",""
"K001","Underground",2.164871,41.392581,"METRO (L3) - PASSEIG DE GRÀCIA (Pg. de Gràcia)-","Eixample","la Dreta de l'Eixample"
"K001","Underground",2.157649,41.393362,"FGC (L6,L7) - PROVENÇA (C. del Rossellò)-","Eixample","la Dreta de l'Eixample"
"K001","Underground",2.137173,41.410227,"FGC (L7) - AVINGUDA DEL TIBIDABO-","Sarrià-Sant Gervasi","Sant Gervasi - la Bonanova"
"K001","Underground",2.169598,41.385842,"FGC (L6,L7) - CATALUNYA (C. de Pelai)-","Eixample","la Dreta de l'Eixample"
"K001","Underground",2.174437,41.416378,"METRO (L4) - HOSPITAL DE SANT PAU-GUINARDÓ (C. Sant Quintí)-","Horta-Guinardó","el Guinardó"
"K002","Railway (FGC)",2.169598,41.385842,"FGC - CATALUNYA (C. de Pelai)-","Eixample","la Dreta de l'Eixample"
"K002","Railway (FGC)",2.142852,41.398976,"FGC - MUNTANER-","Sarrià-Sant Gervasi","Sant Gervasi - Galvany"
"K002","Railway (FGC)",2.152507,41.399554,"FGC - GRÀCIA-","Gràcia","la Vila de Gràcia"
"K001","Underground",2.110681,41.368521,"METRO (L1) - FLORIDA-","",""
"K001","Underground",2.21861,41.451596,"METRO (L1) - FONDO-","",""
"K001","Underground",2.16414,41.384844,"METRO (L2) - UNIVERSITAT (Rda. de Sant Antoni)-","Ciutat Vella","el Raval"
"K001","Underground",2.169571,41.385366,"METRO (L3) - CATALUNYA (C. de Pelai)-","Ciutat Vella","el Raval"
"K001","Underground",2.147496,41.435235,"METRO (L3) - MUNDET-","Horta-Guinardó","Montbau"
"K001","Underground",2.163699,41.385021,"METRO (L2) - UNIVERSITAT (C. d'Aribau)-","Eixample","Sant Antoni"
"K001","Underground",2.149572,41.40611,"METRO (L3) - LESSEPS (Rda. Gral. Mitre)-","Sarrià-Sant Gervasi","el Putxet i el Farró"
"K001","Underground",2.117869,41.386116,"METRO (L3) - PALAU REIAL (Av. Diagonal)-","Les Corts","Pedralbes"
"K001","Underground",2.158237,41.382056,"METRO (L1) - URGELL (Gv. Corts Catalanes)-","Eixample","la Nova Esquerra de l'Eixample"
"K001","Underground",2.158742,41.429811,"METRO (L5) - HORTA (Bda. de la Plana)-","Horta-Guinardó","Horta"
"K001","Underground",2.139294,41.379699,"METRO (L5) - SANTS ESTACIÓ-","Sants-Montjuïc","Sants"
"K001","Underground",2.174603,41.430476,"METRO (L5) - VIRREI AMAT (C. del Doctor Pi i Molist)-","Nou Barris","el Turó de la Peira"
"K011","Tram",2.214952,41.41033,"TRAMVIA (T4) - DIAGONAL MAR-","Sant Martí","Diagonal Mar i el Front Marítim del Poblenou"
"K001","Underground",2.150171,41.374826,"METRO (L3) - ESPANYA (Av. del Paral.lel)-","Sants-Montjuïc","el Poble-sec"
"K001","Underground",2.169492,41.38757,"METRO (L1) - CATALUNYA (Pl. de Catalunya)-","Eixample","la Dreta de l'Eixample"
"K001","Underground",2.210131,41.444246,"METRO (L9) - CAN PEIXAUET-","",""
"K001","Underground",2.173877,41.404117,"METRO (L5) - SAGRADA FAMÍLIA-","Eixample","la Sagrada Família"
"K001","Underground",2.165196,41.441671,"METRO (L3) - CANYELLES (Federico García Lorca)-","Nou Barris","Canyelles"
"K011","Tram",2.188338,41.390398,"TRAMVIA (T4) - WELLINGTON-","Sant Martí","la Vila Olímpica del Poblenou"
"K011","Tram",2.129309,41.415431,"TRAMVIA BLAU - AV. TIBIDABO (Parc Municipal Font Racó - Tornada)-","Sarrià-Sant Gervasi","Sant Gervasi - la Bonanova"
"K011","Tram",2.204513,41.416358,"TRAMVIA (T5, T6) - SANT MARTÍ DE PROVENÇALS-","Sant Martí","Provençals del Poblenou"
"K010","Cableway",2.187919,41.373235,"Transbordador del Port - Sant Sebastià-","Ciutat Vella","la Barceloneta"
"K010","Cableway",2.1725,41.371019,"Transbordador del Port - Miramar-","Sants-Montjuïc","el Poble-sec"
"K009","Funicular",2.119395,41.42128,"Funicular TIBIDABO - superior-","Sarrià-Sant Gervasi","Vallvidrera, el Tibidabo i les Planes"
"K008","Maritime station",2.183611,41.374828,"Terminal Marítima Maremàgnum-","",""
"K008","Maritime station",2.178681,41.37385,"Estació Marítima DRASSANES-","",""
"K001","Underground",2.107033,41.37329,"METRO (L5) - PUBILLA CASES-","",""
"K001","Underground",2.181742,41.415335,"METRO (L5) - CAMP DE L'ARPA (C. de la Indústria)-","Sant Martí","el Camp de l'Arpa del Clot"
"K001","Underground",2.170075,41.385531,"METRO (L3) - CATALUNYA (la Rambla)-","Eixample","la Dreta de l'Eixample"
"K001","Underground",2.146075,41.384981,"METRO (L5) - ENTENÇA (C. de Rocafort)-","Eixample","la Nova Esquerra de l'Eixample"
"K001","Underground",2.163315,41.406523,"METRO (L4) - JOANIC-","Gràcia","el Camp d'en Grassot i Gràcia Nova"
"K001","Underground",2.165242,41.392217,"METRO (L3) - PASSEIG DE GRÀCIA (C. d'Aragó)-","Eixample","la Dreta de l'Eixample"
"K001","Underground",2.172794,41.381722,"METRO (L3) - LICEU (La Rambla)-","Ciutat Vella","el Raval"
"K001","Underground",2.170718,41.375079,"METRO (L3) - PARAL·LEL-","Ciutat Vella","el Raval"
"K004","Airport train",2.115466,41.354367,"Tren AEROPORT - BELLVITGE-","",""
"K003","RENFE",2.060314,41.368661,"RENFE - ST. JOAN DESPÍ-","",""
"K003","RENFE",2.185163,41.484284,"RENFE - MONTCADA I REIXAC-MANRESA-","",""
"K011","Tram",2.136412,41.390505,"TRAMVIA (T1,T2,T3) - L'ILLA-","Les Corts","les Corts"
"K001","Underground",2.174157,41.387564,"METRO (L4) - URQUINAONA (Via Laietana)-","Ciutat Vella","Sant Pere, Santa Caterina i la Ribera"
"K001","Underground",2.196179,41.415594,"METRO (L2) - BAC DE RODA (Rambla Guipúscoa)-","Sant Martí","Sant Martí de Provençals"
"K001","Underground",2.145606,41.384454,"METRO (L5) - ENTENÇA-","Eixample","la Nova Esquerra de l'Eixample"
"K001","Underground",2.164453,41.392328,"METRO (L3) - PASSEIG DE GRÀCIA (Pg. de Gràcia)-","Eixample","la Dreta de l'Eixample"
"K001","Underground",2.126304,41.388204,"METRO (L3) - MARIA CRISTINA-","Les Corts","Pedralbes"
"K001","Underground",2.091263,41.366148,"METRO (L5) - CAN BOIXERES-","",""
"K001","Underground",2.125579,41.375701,"METRO (L5) - BADAL (C. d'Arizala)-","Sants-Montjuïc","Sants - Badal"
"K001","Underground",2.173953,41.437178,"METRO (L4) - LLUCMAJOR (Pl. del Jardins d'Alfàbia)-","Nou Barris","Porta"
"K001","Underground",2.13548,41.375444,"METRO (L5) - PLAÇA DE SANTS-","Sants-Montjuïc","Sants"
"K001","Underground",2.166728,41.398769,"METRO (L5) - VERDAGUER-","Eixample","la Dreta de l'Eixample"
"K001","Underground",2.144952,41.384126,"METRO (L5) - ENTENÇA (C. d'Entença)-","Eixample","la Nova Esquerra de l'Eixample"
"K001","Underground",2.150142,41.420977,"METRO (L5) - EL COLL / LA TEIXONERA (C. de Batet)-","Horta-Guinardó","el Carmel"
"K001","Underground",2.174004,41.389109,"METRO (L1) - URQUINAONA (C. Jonqueres)-","Eixample","la Dreta de l'Eixample"
"K001","Underground",2.195092,41.414799,"METRO (L2) - BAC DE RODA (Rambla Guipúscoa)-","Sant Martí","Sant Martí de Provençals"
"K001","Underground",2.130847,41.38397,"METRO (L3) - LES CORTS (C. de Joan Güell)-","Les Corts","les Corts"
"K001","Underground",2.234241,41.440358,"METRO (L10) - GORG-","",""
"K001","Underground",2.150391,41.406599,"METRO (L3) - LESSEPS-","Gràcia","la Vila de Gràcia"
"K001","Underground",2.168228,41.375231,"METRO (L2) - PARAL·LEL (Av. de Paral.lel)-","Ciutat Vella","el Raval"
"K001","Underground",2.180037,41.400087,"METRO (L2) - MONUMENTAL-","Eixample","el Fort Pienc"
"K001","Underground",2.163172,41.380689,"METRO (L2) - SANT ANTONI (C. de Villarroel)-","Eixample","Sant Antoni"
"K001","Underground",2.190665,41.443807,"METRO (L1) - TORRAS I BAGES-","Sant Andreu","Sant Andreu"
"K001","Underground",2.139256,41.406043,"FGC (L7) - EL PUTXET-","Sarrià-Sant Gervasi","el Putxet i el Farró"
"K001","Underground",2.139529,41.405442,"FGC (L7) - EL PUTXET-","Sarrià-Sant Gervasi","el Putxet i el Farró"
"K001","Underground",2.110396,41.367873,"METRO (L1) - FLORIDA-","",""
"K001","Underground",2.170083,41.374728,"METRO (L3) - PARAL·LEL (Av. de Paral.lel)-","Sants-Montjuïc","el Poble-sec"
"K001","Underground",2.210317,41.420291,"METRO (L4) - BESÒS-","Sant Martí","el Besòs i el Maresme"
"K001","Underground",2.145257,41.43056,"METRO (L3) - MONTBAU (Ronda de Dalt)-","Horta-Guinardó","la Vall d'Hebron"
"K001","Underground",2.145191,41.430847,"METRO (L3) - MONTBAU-","Horta-Guinardó","la Vall d'Hebron"
"K001","Underground",2.156392,41.437571,"METRO (L3) - VALLDAURA-","Horta-Guinardó","Horta"
"K002","Railway (FGC)",2.025086,41.369224,"FGC - SANTA COLOMA DE CERVELLÓ-","",""
"K001","Underground",2.142019,41.381157,"METRO (L3) - SANTS ESTACIÓ (Av. de Josep Tarradellas)-","Sants-Montjuïc","Sants"
"K002","Railway (FGC)",2.125369,41.357005,"FGC - EUROPA / FIRA-","",""
"K011","Tram",2.221856,41.422595,"TRAMVIA (T5) - LA CATALANA-","",""
"K011","Tram",2.186968,41.397311,"TRAMVIA (T4) - AUDITORI-TEATRE NACIONAL-","Sant Martí","el Parc i la Llacuna del Poblenou"
"K011","Tram",2.186918,41.39407,"TRAMVIA (T4) - MARINA-","Sant Martí","el Parc i la Llacuna del Poblenou"
"K008","Maritime station",2.175151,41.368042,"Terminal Marítima Sant Bertran *Ferris","Sants-Montjuïc","la Marina del Prat Vermell"
"K001","Underground",2.129175,41.369127,"METRO (L1) - SANTA EULÀLIA-","",""
"K001","Underground",2.183324,41.430459,"METRO (L1) - FABRA I PUIG-","Sant Andreu","Sant Andreu"
"K004","Airport train",2.188597,41.409995,"Tren AEROPORT - CLOT-","Sant Martí","el Clot"
"K001","Underground",2.13168,41.360962,"FGC (L8) - ILDEFONS CERDÀ-","",""
"K001","Underground",2.154406,41.378685,"METRO (L1) - ROCAFORT (C. de Rocafort)-","Eixample","Sant Antoni"
"K001","Underground",2.134546,41.374172,"METRO (L1) - MERCAT NOU (C. dels Jocs Florals)-","Sants-Montjuïc","Sants"
"K001","Underground",2.148309,41.375344,"METRO (L1) - ESPANYA (C. de la Creu Coberta)-","Sants-Montjuïc","Hostafrancs"
"K002","Railway (FGC)",2.157956,41.392909,"FGC - PROVENÇA-","Eixample","l'Antiga Esquerra de l'Eixample"
"K002","Railway (FGC)",2.110914,41.409282,"FGC - PEU FUNICULAR-","Sarrià-Sant Gervasi","Sarrià"
"K011","Tram",2.121492,41.386718,"TRAMVIA (T1,T2,T3) - PIUS XII-","Les Corts","la Maternitat i Sant Ramon"
"K001","Underground",2.193327,41.38792,"METRO (L4) - CIUTADELLA - VILA OLÍMPICA (Parc de Carles I)-","Sant Martí","la Vila Olímpica del Poblenou"
"K001","Underground",2.192179,41.395239,"METRO (L4) - BOGATELL-","Sant Martí","el Parc i la Llacuna del Poblenou"
"K001","Underground",2.146052,41.378249,"METRO (L3) - TARRAGONA (C. d'Aragó)-","Eixample","la Nova Esquerra de l'Eixample"
"K002","Railway (FGC)",2.147573,41.401403,"FGC - PLAÇA MOLINA<center>-","Sarrià-Sant Gervasi","el Putxet i el Farró"
"K001","Underground",2.142754,41.398631,"FGC (L6) - MUNTANER-","Sarrià-Sant Gervasi","Sant Gervasi - Galvany"
"K001","Underground",2.18058,41.459194,"METRO (L11) - TORRE BARÓ - VALLBONA (C. Esculapi Càncer)-","Nou Barris","Torre Baró"
"K001","Underground",2.135114,41.397895,"FGC (L6) - LA BONANOVA-","Sarrià-Sant Gervasi","Sant Gervasi - Galvany"
"K001","Underground",2.186579,41.422021,"METRO (L5) - LA SAGRERA (Av. Meridiana)-","Sant Andreu","la Sagrera"
"K001","Underground",2.144863,41.411461,"METRO (L3) - VALLCARCA (Jardins Manuel Blancafort)-","Gràcia","Vallcarca i els Penitents"
"K002","Railway (FGC)",2.118699,41.398423,"FGC - REINA ELISENDA (Sortida J. V. Foix)-","Sarrià-Sant Gervasi","Sarrià"
"K001","Underground",2.140542,41.382298,"METRO (L3) - SANTS ESTACIÓ (Jardins de Màlaga)-","Sants-Montjuïc","Sants"
"K001","Underground",2.183628,41.430467,"METRO (L1) - FABRA I PUIG (Pg. de Fabra i Puig)-","Sant Andreu","Sant Andreu"
"K001","Underground",2.163474,41.385403,"METRO (L1) - UNIVERSITAT (Pl. de la Universitat)-","Eixample","Sant Antoni"
"K001","Underground",2.176443,41.3772,"METRO (L3) - DRASSANES (La Rambla)-","Ciutat Vella","el Raval"
"K001","Underground",2.099718,41.36366,"METRO (L1) - RAMBLA JUST OLIVERAS-","",""
"K001","Underground",2.079,41.35807,"METRO (L5) - GAVARRA-","",""
"K001","Underground",2.176264,41.411214,"METRO (L5) - SANT PAU-DOS DE MAIG (C. del Dos de Maig)-","Eixample","la Sagrada Família"
"K001","Underground",2.200601,41.419306,"METRO (L2) - SANT MARTÍ-","Sant Martí","Sant Martí de Provençals"
"K001","Underground",2.207416,41.451058,"METRO (L1) - SANTA COLOMA-","",""
"K001","Underground",2.130828,41.397781,"FGC (L6) - LES TRES TORRES-","Sarrià-Sant Gervasi","les Tres Torres"
"K001","Underground",2.152429,41.400039,"FGC (L6,L7) - GRÀCIA (Pl. de Gal·la Placídia)-","Gràcia","la Vila de Gràcia"
"K001","Underground",2.135502,41.397638,"FGC (L6) - LA BONANOVA-","Sarrià-Sant Gervasi","Sant Gervasi - Galvany"
"K001","Underground",2.166353,41.441845,"METRO (L3) - CANYELLES (Parc de Josep Maria Serra Martí)-","Nou Barris","Canyelles"
"K001","Underground",2.16701,41.430319,"METRO (L5) - VILAPICINA (Pg. de Fabra i Puig)-","Nou Barris","Vilapicina i la Torre Llobeta"
"K011","Tram",2.118294,41.385874,"TRAMVIA (T1,T2,T3) - PALAU REIAL-","Les Corts","la Maternitat i Sant Ramon"
"K011","Tram",2.188532,41.404209,"TRAMVIA (T5, T6) - LA FARINERA-","Sant Martí","el Parc i la Llacuna del Poblenou"
"K011","Tram",2.227764,41.434948,"TRAMVIA (T5) - SANT ROC-","",""
"K011","Tram",2.209864,41.409066,"TRAMVIA (T4) - SELVA DE MAR-","Sant Martí","Diagonal Mar i el Front Marítim del Poblenou"
"K010","Cableway",2.166135,41.364048,"Telefèric de Montjuïc - Castell-","Sants-Montjuïc","el Poble-sec"
"K009","Funicular",2.13157,41.41616,"Funicular TIBIDABO - inferior-","Sarrià-Sant Gervasi","Sant Gervasi - la Bonanova"
"K008","Maritime station",2.179532,41.360585,"Estació Marítima C-","",""
"K008","Maritime station",2.176803,41.367586,"Terminal GÉNOVA-","",""
"K008","Maritime station",2.181059,41.363071,"Estació Marítima A-","",""
"K003","RENFE",2.193312,41.435959,"RENFE - SANT ANDREU COMTAL-","Sant Andreu","Sant Andreu"
"K001","Underground",2.184187,41.449312,"METRO (L3) - TRINITAT NOVA (Chafarinas)-","Nou Barris","la Trinitat Nova"
"K001","Underground",2.145225,41.378805,"METRO (L3) - TARRAGONA (C. de Tarragona)-","Eixample","la Nova Esquerra de l'Eixample"
"K001","Underground",2.144456,41.378852,"METRO (L3) - TARRAGONA (C. del Elisi)-","Sants-Montjuïc","Hostafrancs"
"K001","Underground",2.170859,41.394823,"METRO (L4) - GIRONA (C. Consell de Cent)-","Eixample","la Dreta de l'Eixample"
"K001","Underground",2.167682,41.389615,"METRO (L4) - PASSEIG DE GRÀCIA-","Eixample","la Dreta de l'Eixample"
"K001","Underground",2.18295,41.449264,"METRO (L3,L4,L11) - TRINITAT NOVA (Pedrosa)-","Nou Barris","la Trinitat Nova"
"K001","Underground",2.205987,41.423471,"METRO (L2,L4) - LA PAU (L2 i L4) (Rambla de Guipúscoa)-","Sant Martí","la Verneda i la Pau"
"K001","Underground",2.174241,41.416004,"METRO (L4) - HOSPITAL DE SANT PAU-GUINARDÓ (C. del Mas Casanovas)-","Horta-Guinardó","el Guinardó"
"K003","RENFE",2.188413,41.484611,"RENFE - MONTCADA I REIXAC-","",""
"K003","RENFE",2.048073,41.383079,"RENFE - ST. FELIU DE LLOBREGAT-","",""
"K003","RENFE",2.100702,41.364252,"RENFE - L'HOSPITALET DE LLOBREGAT-","",""
"K001","Underground",2.143991,41.375292,"METRO (L1) - HOSTAFRANCS-","Sants-Montjuïc","Hostafrancs"
"K001","Underground",2.186897,41.421556,"METRO (L5) - LA SAGRERA-","Sant Andreu","la Sagrera"
"K001","Underground",2.165646,41.391351,"METRO (L3) - PASSEIG DE GRÀCIA (C. del Consell de Cent)-","Eixample","la Dreta de l'Eixample"
"K001","Underground",2.216803,41.433879,"METRO (L2) - ARTIGUES-SANT ADRIÀ-","",""
"K001","Underground",2.099888,41.371578,"METRO (L5) - CAN VIDALET-","",""
"K001","Underground",2.181609,41.423528,"METRO (L5) - CONGRÉS-","Sant Andreu","el Congrés i els Indians"
"K001","Underground",2.150301,41.37516,"METRO (L3) - ESPANYA-","Eixample","Sant Antoni"
"K001","Underground",2.156073,41.425418,"METRO (L5) - EL CARMEL (Pl. de Pastrana)-","Horta-Guinardó","el Carmel"
"K001","Underground",2.084574,41.36329,"METRO (L5) - SANT ILDEFONS-","",""
"K001","Underground",2.078904,41.357707,"METRO (L5) - GAVARRA-","",""
"K001","Underground",2.17309,41.38952,"METRO (L1) - URQUINAONA-","Eixample","la Dreta de l'Eixample"
"K001","Underground",2.201262,41.419459,"METRO (L2) - SANT MARTÍ (Rambla Guipúscoa)-","Sant Martí","Sant Martí de Provençals"
"K001","Underground",2.190338,41.444154,"METRO (L1) - TORRAS I BAGES (Pg. de Torras i Bages)-","Sant Andreu","Sant Andreu"
"K001","Underground",2.109898,41.351527,"METRO (L1) - BELLVITGE-","",""
"K001","Underground",2.148628,41.374547,"FGC (L8) - ESPANYA-","Sants-Montjuïc","el Poble-sec"
"K001","Underground",2.169503,41.385707,"FGC (L6,L7) - CATALUNYA-","Eixample","la Dreta de l'Eixample"
"K001","Underground",2.161109,41.375204,"METRO (L3) - POBLE SEC (Av. del Paral.lel)-","Eixample","Sant Antoni"
"K001","Underground",2.191575,41.394936,"METRO (L4) - BOGATELL (C. de Pere IV)-","Sant Martí","el Parc i la Llacuna del Poblenou"
"K001","Underground",2.13621,41.382176,"METRO (L3) - PLAÇA DEL CENTRE (Pl. del Centre)-","Les Corts","les Corts"
"K002","Railway (FGC)",2.135114,41.397895,"FGC - BONANOVA-","Sarrià-Sant Gervasi","Sant Gervasi - Galvany"
"K001","Underground",2.111704,41.384208,"METRO (L3) - ZONA UNIVERSITÀRIA (Av. Diagonal)-","Les Corts","la Maternitat i Sant Ramon"
"K002","Railway (FGC)",2.043259,41.348145,"FGC - SANT BOI-","",""
"K011","Tram",2.134712,41.413531,"TRAMVIA BLAU - AV. TIBIDABO (Romà Macaya-Dr. Ribas Perdigó)-","Sarrià-Sant Gervasi","Sant Gervasi - la Bonanova"
"K011","Tram",2.232613,41.439305,"TRAMVIA (T5) - GORG-","",""
"K001","Underground",2.194384,41.449539,"METRO (L1) - TRINITAT VELLA-","Sant Andreu","la Trinitat Vella"
"K001","Underground",2.18753,41.411218,"METRO (L1) - CLOT-","Sant Martí","el Clot"
"K001","Underground",2.183584,41.430093,"METRO (L1) - FABRA I PUIG (Pg. de Fabra i Puig)-","Sant Andreu","Sant Andreu"
"K004","Airport train",2.18698,41.409541,"Tren AEROPORT - CLOT-","Sant Martí","el Clot"
"K001","Underground",2.19087,41.442305,"METRO (L1) - TORRAS I BAGES (C. de Palomar)-","Sant Andreu","Sant Andreu"
"K001","Underground",2.18834,41.402984,"METRO (L1) - GLÒRIES (C. d'Àlaba)-","Sant Martí","el Parc i la Llacuna del Poblenou"
"K001","Underground",2.149455,41.375546,"METRO (L1) - ESPANYA (C. de Tarragona)-","Eixample","la Nova Esquerra de l'Eixample"
"K011","Tram",2.131844,41.389343,"TRAMVIA (T1,T2,T3) - NUMÀNCIA-","Les Corts","les Corts"
"K011","Tram",2.129746,41.415469,"TRAMVIA BLAU - AV. TIBIDABO (Parc Municipal Font Racó)-","Sarrià-Sant Gervasi","Sant Gervasi - la Bonanova"
"K011","Tram",2.221206,41.418341,"TRAMVIA (T6) - LA MINA-","",""
"K001","Underground",2.227784,41.435516,"METRO (L2) - SANT ROC-","",""
"K001","Underground",2.145436,41.378064,"METRO (L3) - TARRAGONA (C. Sant Nicolau)-","Sants-Montjuïc","Hostafrancs"
"K008","Maritime station",2.178511,41.356658,"Terminal Marítima A *Creuers","Ciutat Vella","la Marina del Prat Vermell"
"K001","Underground",2.171578,41.462738,"METRO (L11) - CAN CUIÀS-","",""
"K001","Underground",2.142961,41.40344,"FGC (L7) - PADUA-","Sarrià-Sant Gervasi","el Putxet i el Farró"
"K001","Underground",2.159713,41.39611,"METRO (L3) - DIAGONAL (Pl. Joan Carles I)-","Eixample","la Dreta de l'Eixample"
"K001","Underground",2.175556,41.376673,"METRO (L3) - DRASSANES (C. de Montserrat)-","Ciutat Vella","el Raval"
"K001","Underground",2.124523,41.39935,"FGC (L6) - SARRIÀ-","Sarrià-Sant Gervasi","Sarrià"
"K001","Underground",2.23404,41.440639,"METRO (L2) - GORG-","",""
"K001","Underground",2.173484,41.437215,"METRO (L4) - LLUCMAJOR-","Nou Barris","la Guineueta"
"K001","Underground",2.142012,41.4251,"METRO (L3, L5) - VALL D'HEBRON (Pg. de la Vall d'Hebron)-","Horta-Guinardó","Montbau"
"K001","Underground",2.167015,41.385919,"FGC (L6,L7) - CATALUNYA (C. de Balmes)-","Eixample","la Dreta de l'Eixample"
"K002","Railway (FGC)",2.117531,41.35536,"FGC - GORNAL-","",""
"K002","Railway (FGC)",2.086746,41.353011,"FGC - ALMEDA-","",""
"K002","Railway (FGC)",2.152429,41.400039,"FGC - GRÀCIA (Pl. de Gal·la Placídia)-","Gràcia","la Vila de Gràcia"
"K001","Underground",2.162901,41.37916,"METRO (L2) - SANT ANTONI (C. Comte d'Urgell)-","Eixample","Sant Antoni"
"K002","Railway (FGC)",2.13168,41.360962,"FGC - ILDEFONS CERDÀ-","",""
"K001","Underground",2.103029,41.358779,"METRO (L1) - AVINGUDA CARRILET-","",""
"K003","RENFE",2.186507,41.423935,"RENFE - LA SAGRERA - MERIDIANA-","Sant Andreu","la Sagrera"
"K001","Underground",2.130678,41.384233,"METRO (L3) - LES CORTS (Travessera de les Corts)-","Les Corts","les Corts"
"K001","Underground",2.160473,41.395755,"METRO (L3) - DIAGONAL-","Eixample","la Dreta de l'Eixample"
"K001","Underground",2.117872,41.385906,"METRO (L3) - PALAU REIAL-","Les Corts","la Maternitat i Sant Ramon"
"K001","Underground",2.170344,41.386286,"METRO (L3) - CATALUNYA-","Eixample","la Dreta de l'Eixample"
"K001","Underground",2.21027,41.429935,"METRO (L2) - VERNEDA-","",""
"K001","Underground",2.15517,41.379461,"METRO (L1) - ROCAFORT (Gv. Corts Catalanes)-","Eixample","Sant Antoni"
"K001","Underground",2.161178,41.429762,"METRO (L5) - HORTA-","Horta-Guinardó","Horta"
"K001","Underground",2.149829,41.374513,"METRO (L3) - ESPANYA (Av. de la Reina Maria Cristina)-","Sants-Montjuïc","el Poble-sec"
"K001","Underground",2.192713,41.388147,"METRO (L4) - CIUTADELLA - VILA OLIMPICA-","Sant Martí","la Vila Olímpica del Poblenou"
"K001","Underground",2.169714,41.385946,"METRO (L3) - CATALUNYA (Pl. Catalunya)-","Eixample","la Dreta de l'Eixample"
"K001","Underground",2.20578,41.459366,"METRO (L9) - SINGUERLÍN-","",""
"K001","Underground",2.212413,41.454503,"METRO (L9) - ESGLÉSIA MAJOR-","",""
"K001","Underground",2.217331,41.412265,"METRO (L4) - EL MARESME-FÒRUM (Rambla Prim)-","Sant Martí","el Besòs i el Maresme"
"K001","Underground",2.216969,41.411963,"METRO (L4) - EL MARESME-FÒRUM-","Sant Martí","el Besòs i el Maresme"
"K011","Tram",2.133644,41.415114,"TRAMVIA BLAU - AV. TIBIDABO (Dr. Ribas Perdigó-Josep Garí)-","Sarrià-Sant Gervasi","Sant Gervasi - la Bonanova"
"K011","Tram",2.0607,41.379784,"TRAMVIA (línia T3) - TORREBLANCA-","",""
"K010","Cableway",2.163454,41.368756,"Telefèric de Montjuïc - Parc de Montjuïc-","Sants-Montjuïc","el Poble-sec"
"K009","Funicular",2.105697,41.41398,"Funicular VALLVIDRERA - superior-","Sarrià-Sant Gervasi","Vallvidrera, el Tibidabo i les Planes"
"K009","Funicular",2.163334,41.368721,"Funicular MONTJUÏC - superior-","Sants-Montjuïc","el Poble-sec"
"K008","Maritime station",2.177294,41.371857,"Estació Marítima TRASMEDITERRÁNEA-","",""
"K008","Maritime station",2.180769,41.372889,"Estació Marítima BUQUEBÚS-","",""
"K001","Underground",2.19746,41.399026,"METRO (L4) - LLACUNA (C. de la Ciutat de Granada)-","Sant Martí","el Poblenou"
"K001","Underground",2.150984,41.389033,"METRO (L5) - HOSPITAL CLÍNIC-","Eixample","l'Antiga Esquerra de l'Eixample"
"K001","Underground",2.193191,41.38821,"METRO (L4) - CIUTADELLA - VILA OLÍMPICA (C. Ramon Trias Fargas)-","Sant Martí","la Vila Olímpica del Poblenou"
"K001","Underground",2.181114,41.414798,"METRO (L5) - CAMP DE L'ARPA (Pg. de Maragall)-","Sant Martí","el Camp de l'Arpa del Clot"
"K001","Underground",2.140978,41.417691,"METRO (L3) - PENITENTS (Av. de l'Hospital Militar)-","Gràcia","Vallcarca i els Penitents"
"K003","RENFE",2.18004,41.391817,"RENFE - ARC DE TRIOMF-","Eixample","el Fort Pienc"
"K001","Underground",2.215688,41.415007,"METRO (L4) - BESÒS MAR-","Sant Martí","el Besòs i el Maresme"
"K001","Underground",2.238942,41.444538,"METRO (L2) - PEP VENTURA-","",""
"K011","Tram",2.072171,41.360796,"TRAMVIA (T1,T2) - IGNASI IGLÉSIAS-","",""
"K001","Underground",2.168669,41.39999,"METRO (L4) - VERDAGUER (Pg. de Sant Joan)-","Eixample","la Dreta de l'Eixample"
"K001","Underground",2.148801,41.37538,"METRO (L1) - ESPANYA-","Sants-Montjuïc","el Poble-sec"
"K001","Underground",2.144523,41.375356,"METRO (L1) - HOSTAFRANCS (C. de la Creu Coberta)-","Sants-Montjuïc","Hostafrancs"
"K001","Underground",2.143445,41.375552,"METRO (L1) - HOSTAFRANCS (C. del Consell de Cent)-","Sants-Montjuïc","Hostafrancs"
"K001","Underground",2.142852,41.398976,"FGC (L6) - MUNTANER-","Sarrià-Sant Gervasi","Sant Gervasi - Galvany"
"K001","Underground",2.130463,41.361391,"FGC (L8) - ILDEFONS CERDÀ-","",""
"K001","Underground",2.209632,41.430299,"METRO (L2) - VERNEDA-","",""
"K001","Underground",2.107647,41.374015,"METRO (L5) - PUBILLA CASES-","",""
"K001","Underground",2.166277,41.398676,"METRO (L5) - VERDAGUER (C. de Girona)-","Eixample","la Dreta de l'Eixample"
"K001","Underground",2.135034,41.375491,"METRO (L5) - PLAÇA DE SANTS (Pl. de Sants)-","Sants-Montjuïc","Sants"
"K001","Underground",2.086746,41.353011,"FGC (L8) - ALMEDA-","",""
"K001","Underground",2.167765,41.374796,"METRO (L2) - PARAL·LEL (C. d'en Fontrodona)-","Sants-Montjuïc","el Poble-sec"
"K001","Underground",2.205212,41.436173,"METRO (L9, L10) - BON PASTOR-","Sant Andreu","el Bon Pastor"
"K001","Underground",2.204794,41.436065,"METRO (L9, L10) - BON PASTOR-","Sant Andreu","el Bon Pastor"
"K001","Underground",2.148521,41.421974,"METRO (L5) - EL COLL / LA TEIXONERA-","Horta-Guinardó","la Teixonera"
"K001","Underground",2.141445,41.425067,"METRO (L5) - VALL D'HEBRÓN-","Horta-Guinardó","Sant Genís dels Agudells"
"K001","Underground",2.11649,41.368742,"METRO (L1) - TORRASSA-","",""
"K001","Underground",2.11727,41.368154,"METRO (L1) - TORRASSA-","",""
"K001","Underground",2.16833,41.389533,"METRO (L2) - PASSEIG DE GRÀCIA-","Eixample","la Dreta de l'Eixample"
"K001","Underground",2.182167,41.407271,"METRO (L2) - ENCANTS (C. del Dos de Maig)-","Sant Martí","el Camp de l'Arpa del Clot"
"K001","Underground",2.194356,41.448967,"METRO (L1) - TRINITAT VELLA (Parc de la Trinitat)-","Sant Andreu","la Trinitat Vella"
"K001","Underground",2.190709,41.444183,"METRO (L1) - TORRAS I BAGES (Pg. de Torras i Bages)-","Sant Andreu","Sant Andreu"
"K001","Underground",2.110588,41.350397,"METRO (L1) - BELLVITGE-","",""
"K001","Underground",2.200227,41.450043,"METRO (L1) - BARÓ DE VIVER-","Sant Andreu","la Trinitat Vella"
"K001","Underground",2.103422,41.357794,"FGC (L8) - L'HOSPITALET:AV. CARRILET-","",""
"K001","Underground",2.144554,41.430627,"METRO (L3) - MONTBAU (Jardins de Pedro Muñoz Seca)-","Horta-Guinardó","Montbau"
"K001","Underground",2.140751,41.417963,"METRO (L3) - PENITENTS-","Gràcia","Vallcarca i els Penitents"
"K002","Railway (FGC)",2.139358,41.368228,"FGC - MAGÒRIA-LA CAMPANA-","Sants-Montjuïc","la Bordeta"
"K002","Railway (FGC)",2.142961,41.40344,"FGC - PADUA-","Sarrià-Sant Gervasi","el Putxet i el Farró"
"K011","Tram",2.13165,41.415969,"TRAMVIA BLAU - PL. DR. ANDREU-","Sarrià-Sant Gervasi","Sant Gervasi - la Bonanova"
"K001","Underground",2.187294,41.416721,"METRO (L1) - NAVAS (Av. Meridiana)-","Sant Andreu","Navas"
"K001","Underground",2.154456,41.379149,"METRO (L1) - ROCAFORT-","Eixample","la Nova Esquerra de l'Eixample"
"K002","Railway (FGC)",2.148628,41.374547,"FGC - ESPANYA-","Sants-Montjuïc","el Poble-sec"
"K008","Maritime station",2.183239,41.375761,"Terminal Marítima Maremàgnum *Creuers","Ciutat Vella","el Barri Gòtic"
"K011","Tram",2.209361,41.41994,"TRAMVIA (T5, T6) - BESÒS-","Sant Martí","el Besòs i el Maresme"
"K011","Tram",2.198381,41.406205,"TRAMVIA (T4) - PERE IV-","Sant Martí","Provençals del Poblenou"
"K003","RENFE",2.179942,41.470873,"RENFE - MONTCADA BIFURCACIÓ-","",""
"K002","Railway (FGC)",2.139529,41.405442,"FGC - EL PUTXET-","Sarrià-Sant Gervasi","el Putxet i el Farró"
"K001","Underground",2.167775,41.389664,"METRO (L4) - PASSEIG DE GRÀCIA (Pg. de Gràcia)-","Eixample","la Dreta de l'Eixample"
"K001","Underground",2.17985,41.459409,"METRO (L11) - TORRE BARÓ - VALLBONA-","Nou Barris","Torre Baró"
"K001","Underground",2.170687,41.387914,"METRO (L1) - CATALUNYA (Rda. de Sant Pere)-","Eixample","la Dreta de l'Eixample"
"K001","Underground",2.164719,41.385814,"METRO (L1) - UNIVERSITAT (C. de Pelai)-","Ciutat Vella","el Raval"
"K001","Underground",2.186554,41.4101,"METRO (L2) - CLOT-","Sant Martí","el Camp de l'Arpa del Clot"
"K001","Underground",2.139739,41.379602,"METRO (L5) - SANTS ESTACIÓ (Pg. de Sant Antoni)-","Sants-Montjuïc","Sants"
"K001","Underground",2.167646,41.386095,"FGC (L6,L7) - CATALUNYA (C. de Bergara)-","Eixample","la Dreta de l'Eixample"
"K001","Underground",2.192791,41.395438,"METRO (L4) - BOGATELL (C. de Pujades)-","Sant Martí","el Parc i la Llacuna del Poblenou"
"K001","Underground",2.17214,41.46292,"METRO (L11) - CAN CUIÀS (C. Tapissers - Montcada)-","",""
"K001","Underground",2.182218,41.393228,"METRO (L1) - ARC DE TRIOMF (C. de Nàpols)-","Eixample","el Fort Pienc"
"K001","Underground",2.138493,41.375542,"METRO (L1) - PLAÇA DE SANTS-","Sants-Montjuïc","Sants"
"K001","Underground",2.191104,41.437806,"METRO (L1) - SANT ANDREU (C. de Joan Torres)-","Sant Andreu","Sant Andreu"
"K001","Underground",2.110875,41.368376,"METRO (L1) - FLORIDA-","",""
"K001","Underground",2.166078,41.442024,"METRO (L3) - CANYELLES-","Nou Barris","Canyelles"
"K001","Underground",2.152798,41.402597,"METRO (L3) - FONTANA (C. Gran de Gràcia)-","Gràcia","la Vila de Gràcia"
"K001","Underground",2.152815,41.402297,"METRO (L3) - FONTANA-","Gràcia","la Vila de Gràcia"
"K001","Underground",2.167579,41.375091,"METRO (L2) - PARAL·LEL-","Eixample","Sant Antoni"
"K001","Underground",2.167762,41.389284,"METRO (L2) - PASSEIG DE GRÀCIA (Gv. Corts Catalanes)-","Eixample","la Dreta de l'Eixample"
"K001","Underground",2.190747,41.437324,"METRO (L1) - SANT ANDREU-","Sant Andreu","Sant Andreu"
"K001","Underground",2.174875,41.429732,"METRO (L5) - VIRREI AMAT-","Nou Barris","Vilapicina i la Torre Llobeta"
"K001","Underground",2.173076,41.403762,"METRO (L5) - SAGRADA FAMÍLIA (C. de Sardenya)-","Eixample","la Sagrada Família"
"K011","Tram",2.07622,41.371003,"TRAMVIA (T2) - SANT MARTÍ DE L'ERM (Baixador)-","",""
"K001","Underground",2.174231,41.404606,"METRO (L5) - SAGRADA FAMÍLIA (C. de la Marina)-","Eixample","la Sagrada Família"
"K011","Tram",2.112031,41.376647,"TRAMVIA (T1,T2,T3) - SANT RAMON-","Les Corts","la Maternitat i Sant Ramon"
"K011","Tram",2.186836,41.401681,"TRAMVIA (T4, T5, T6) - GLÒRIES-","Eixample","el Fort Pienc"
"K003","RENFE",2.140341,41.379074,"RENFE - SANTS ESTACIÓ-","Sants-Montjuïc","Sants"
"K001","Underground",2.175017,41.446909,"METRO (L3) - ROQUETES (Vidal i Guasch)-","Nou Barris","les Roquetes"
"K001","Underground",2.126135,41.388261,"METRO (L3) - MARIA CRISTINA (Av. Diagonal)-","Les Corts","Pedralbes"
"K001","Underground",2.111621,41.384639,"METRO (L3) - ZONA UNIVERSITÀRIA (Av. Diagonal)-","Les Corts","Pedralbes"
"K001","Underground",2.1104,41.384138,"METRO (L3) - ZONA UNIVERSITÀRIA-","Les Corts","Pedralbes"
"K001","Underground",2.238365,41.44515,"METRO (L2) - PEP VENTURA-","",""
"K001","Underground",2.234255,41.441113,"METRO (L2) - GORG-","",""
"K001","Underground",2.15029,41.388226,"METRO (L5) - HOSPITAL CLÍNIC (C. del Comte d'Urgell)-","Eixample","la Nova Esquerra de l'Eixample"
"K001","Underground",2.171406,41.39526,"METRO (L4) - GIRONA-","Eixample","la Dreta de l'Eixample"
"K001","Underground",2.185811,41.382237,"METRO (L4) - BARCELONETA (Pl. de Pau Vila)-","Ciutat Vella","la Barceloneta"
"K001","Underground",2.162763,41.406051,"METRO (L4) - JOANIC (C. de l'Escorial)-","Gràcia","el Camp d'en Grassot i Gràcia Nova"
"K001","Underground",2.173507,41.380969,"METRO (L3) - LICEU (Pla de la Boqueria)-","Ciutat Vella","el Barri Gòtic"
"K004","Airport train",2.140341,41.379074,"Tren AEROPORT - SANTS ESTACIÓ-","Sants-Montjuïc","Sants"
"K004","Airport train",2.09108,41.331201,"Tren AEROPORT - PRAT DE LLOBREGAT-","",""
"K004","Airport train",2.073913,41.304419,"Tren AEROPORT- AEROPORT-","",""
"K003","RENFE",2.180357,41.46161,"RENFE - TORRE BARÓ-","Nou Barris","Torre Baró"
"K003","RENFE",2.169552,41.388029,"RENFE - CATALUNYA-","Eixample","la Dreta de l'Eixample"
"K003","RENFE",2.180575,41.391875,"RENFE - ARC DE TRIOMF-","Eixample","el Fort Pienc"
"K003","RENFE",2.073913,41.304419,"RENFE - AEROPORT-","",""
"K001","Underground",2.215632,41.415468,"METRO (L4) - BESÒS MAR (C. d'Alfons el Magnànim)-","Sant Martí","el Besòs i el Maresme"
"K011","Tram",2.068805,41.356785,"TRAMVIA (T1,T2) - CORNELLÀ CENTRE-","",""
"K001","Underground",2.102666,41.359299,"METRO (L1) - AVINGUDA CARRILET-","",""
"K001","Underground",2.187344,41.408643,"METRO (L1) - CLOT (Aragó-Meridiana)-","Sant Martí","el Clot"
"K001","Underground",2.16457,41.392896,"METRO (L3) - PASSEIG DE GRÀCIA-","Eixample","la Dreta de l'Eixample"
"K001","Underground",2.108251,41.37406,"METRO (L5) - PUBILLA CASES-","",""
"K001","Underground",2.172613,41.388771,"METRO (L4) - URQUINAONA (Pl. d'Urquinaona)-","Eixample","la Dreta de l'Eixample"
"K001","Underground",2.166884,41.412047,"METRO (L4) - ALFONS X (C. de Lepant)-","Horta-Guinardó","el Baix Guinardó"
"K001","Underground",2.148073,41.423133,"METRO (L5) - EL COLL / LA TEIXONERA (Pl. de Sant Crispí)-","Horta-Guinardó","la Teixonera"
"K001","Underground",2.209959,41.408155,"METRO (L4) - SELVA DE MAR-","Sant Martí","Diagonal Mar i el Front Marítim del Poblenou"
"K001","Underground",2.180938,41.414999,"METRO (L5) - CAMP DE L'ARPA-","Sant Martí","el Camp de l'Arpa del Clot"
"K001","Underground",2.099238,41.371318,"METRO (L5) - CAN VIDALET-","",""
"K001","Underground",2.217243,41.441476,"METRO (L10) - LLEFIÀ-","",""
"K001","Underground",2.139358,41.368228,"FGC (L8) - MAGÒRIA-LA CAMPANA-","Sants-Montjuïc","la Bordeta"
"K001","Underground",2.111765,41.350916,"METRO (L1) - BELLVITGE-","",""
"K001","Underground",2.068427,41.351845,"FGC (L8) - CORNELLÀ:RIERA-","",""
"K001","Underground",2.11168,41.361271,"FGC (L8) - SANT JOSEP-","",""
"K001","Underground",2.233988,41.44129,"METRO (L2) - GORG-","",""
"K002","Railway (FGC)",2.157649,41.393362,"FGC - PROVENÇA (C. del Rossellò)-","Eixample","la Dreta de l'Eixample"
"K002","Railway (FGC)",2.11168,41.361271,"FGC - SANT JOSEP-","",""
"K002","Railway (FGC)",2.143265,41.403133,"FGC - PADUA-","Sarrià-Sant Gervasi","Sant Gervasi - Galvany"
"K002","Railway (FGC)",2.103422,41.357794,"FGC - L'HOSPITALET-AV. CARRILET-","",""
"K002","Railway (FGC)",2.143251,41.398645,"FGC - MUNTANER-","Sarrià-Sant Gervasi","Sant Gervasi - Galvany"
"K002","Railway (FGC)",2.167646,41.386095,"FGC - CATALUNYA (C. de Bergara)-","Eixample","la Dreta de l'Eixample"
"K001","Underground",2.106694,41.344339,"METRO (L1) - HOSPITAL DE BELLVITGE-","",""
"K001","Underground",2.207161,41.451444,"METRO (L1) - SANTA COLOMA-","",""
"K001","Underground",2.184196,41.428993,"METRO (L1) - FABRA I PUIG (C. de Concepción Arenal)-","Sant Andreu","Sant Andreu"
"K001","Underground",2.187198,41.422492,"METRO (L1) - LA SAGRERA-","Sant Andreu","la Sagrera"
"K002","Railway (FGC)",2.091563,41.427474,"FGC - LES PLANES-","Sarrià-Sant Gervasi","Vallvidrera, el Tibidabo i les Planes"
"K002","Railway (FGC)",2.130075,41.398154,"FGC - LES TRES TORRES<center>-","Sarrià-Sant Gervasi","les Tres Torres"
"K002","Railway (FGC)",2.09734,41.419668,"FGC - BAIXADOR DE VALLVIDRERA-","Sarrià-Sant Gervasi","Vallvidrera, el Tibidabo i les Planes"
"K011","Tram",2.136863,41.410697,"TRAMVIA BLAU - AV. TIBIDABO (Pl. John Kennedy-Mas Yebra)-","Sarrià-Sant Gervasi","Sant Gervasi - la Bonanova"
"K001","Underground",2.17722,41.424489,"METRO (L4,L5) - MARAGALL (Pg. de Maragall)-","Sant Andreu","el Congrés i els Indians"
"K002","Railway (FGC)",2.168784,41.385795,"FGC - CATALUNYA-","Eixample","la Dreta de l'Eixample"
"K008","Maritime station",2.179963,41.360193,"Terminal Marítima C *Creuers","Sants-Montjuïc","la Marina del Prat Vermell"
"K001","Underground",2.244209,41.449132,"METRO (L2) - BADALONA - POMPEU FABRA-","",""
"K001","Underground",2.158326,41.392331,"FGC (L6,L7) - PROVENÇA (C. de Provença)-","Eixample","l'Antiga Esquerra de l'Eixample"
"K001","Underground",2.200095,41.418604,"METRO (L2) - SANT MARTÍ (Rambla Guipúscoa)-","Sant Martí","Sant Martí de Provençals"
"K001","Underground",2.176475,41.425869,"METRO (L5) - MARAGALL-","Nou Barris","Vilapicina i la Torre Llobeta"
"K001","Underground",2.186497,41.420554,"METRO (L5,L9,L10) - LA SAGRERA (C. Felipe II)-","Sant Andreu","Navas"
"K001","Underground",2.147573,41.401403,"FGC (L7) - PLAÇA MOLINA-","Sarrià-Sant Gervasi","el Putxet i el Farró"
"K001","Underground",2.142547,41.425262,"METRO (L3) - VALL D'HEBRON-","Horta-Guinardó","Montbau"
"K001","Underground",2.144798,41.411753,"METRO (L3) - VALLCARCA (Av. de l'Hospital Militar)-","Gràcia","Vallcarca i els Penitents"
"K001","Underground",2.191499,41.395301,"METRO (L4) - BOGATELL-","Sant Martí","el Parc i la Llacuna del Poblenou"
"K002","Railway (FGC)",2.139256,41.406043,"FGC - EL PUTXET-","Sarrià-Sant Gervasi","el Putxet i el Farró"
"K001","Underground",2.1759,41.425733,"METRO (L5) - MARAGALL (Pg.de Maragall)-","Nou Barris","Vilapicina i la Torre Llobeta"
"K001","Underground",2.176285,41.376817,"METRO (L3) - DRASSANES-","Ciutat Vella","el Raval"
"K001","Underground",2.175562,41.403847,"METRO (L2) - SAGRADA FAMÍLIA (Pl. de Gaudí)-","Eixample","la Sagrada Família"
"K001","Underground",2.138845,41.375468,"METRO (L1) - PLAÇA DE SANTS (C. de Sants)-","Sants-Montjuïc","Sants"
"K001","Underground",2.100304,41.364232,"METRO (L1) - RAMBLA JUST OLIVERAS-","",""
"K001","Underground",2.135849,41.375429,"METRO (L5) - PLAÇA DE SANTS (C. de Sants)-","Sants-Montjuïc","Sants"
"K001","Underground",2.175568,41.429214,"METRO (L5) - VIRREI AMAT (C. de Felip II)-","Nou Barris","Vilapicina i la Torre Llobeta"
"K001","Underground",2.15916,41.394887,"METRO (L5) - DIAGONAL-","Eixample","la Dreta de l'Eixample"
"K001","Underground",2.147016,41.401372,"FGC (L6) - SANT GERVASI-","Sarrià-Sant Gervasi","Sant Gervasi - Galvany"
"K001","Underground",2.125112,41.39896,"FGC (L6) - SARRIÀ-","Sarrià-Sant Gervasi","les Tres Torres"
"K001","Underground",2.19855,41.457253,"METRO (L9) - CAN ZAM-","",""
"K001","Underground",2.169597,41.388111,"METRO (L1) - CATALUNYA (Pg. de Gràcia)-","Eixample","la Dreta de l'Eixample"
"K011","Tram",2.114498,41.384459,"TRAMVIA (T1,T2,T3) - ZONA UNIVERSITÀRIA-","Les Corts","la Maternitat i Sant Ramon"
"K011","Tram",2.067057,41.379733,"TRAMVIA (T3) - WALDEN-","",""
"K011","Tram",2.222906,41.415244,"TRAMVIA (T4) - CAN LLIMA-","",""
"K011","Tram",2.19139,41.40443,"TRAMVIA (T4) - CA L'ARANYÓ-","Sant Martí","el Parc i la Llacuna del Poblenou"
"K009","Funicular",2.168493,41.374747,"Funicular MONTJUÏC - inferior-","Sants-Montjuïc","el Poble-sec"
"K001","Underground",2.176252,41.447394,"METRO (L3) - ROQUETES-","Nou Barris","les Roquetes"
"K001","Underground",2.17602,41.446933,"METRO (L3) - ROQUETES (Pla de Fornells)-","Nou Barris","les Roquetes"
"K001","Underground",2.17353,41.380666,"METRO (L3) - LICEU-","Ciutat Vella","el Raval"
"K001","Underground",2.18472,41.4493,"METRO (L3) - TRINITAT NOVA (Parc)-","Nou Barris","la Trinitat Nova"
"K001","Underground",2.197247,41.399257,"METRO (L4) - LLACUNA-","Sant Martí","el Poblenou"
"K001","Underground",2.178458,41.443382,"METRO (L4) - VIA JÚLIA (Via Júlia - Batllori)-","Nou Barris","la Prosperitat"
"K001","Underground",2.178906,41.443928,"METRO (L4) - VIA JÚLIA-","Nou Barris","la Prosperitat"
"K001","Underground",2.166162,41.411775,"METRO (L4) - ALFONS X-","Horta-Guinardó","el Baix Guinardó"
"K001","Underground",2.128135,41.375637,"METRO (L5) - BADAL (C. de Sants)-","Sants-Montjuïc","Sants - Badal"
"K001","Underground",2.147015,41.435432,"METRO (L3) - MUNDET (Llars Mundet - Velòdrom)-","Horta-Guinardó","Montbau"
"K001","Underground",2.120678,41.375948,"METRO (L5) - COLLBLANC-","",""
"K003","RENFE",2.06998,41.357914,"RENFE - CORNELLÀ-","",""
"K003","RENFE",2.230523,41.424408,"RENFE - SANT ADRIÀ DEL BESÒS-","",""
"K003","RENFE",2.115466,41.354367,"RENFE - BELLVITGE-","",""
"K011","Tram",2.09287,41.376929,"TRAMVIA (T1,T2,T3) - CAN CLOTA-","",""
"K011","Tram",2.080799,41.369445,"TRAMVIA (T1,T2,T3) - MONTESA-","",""
"K011","Tram",2.142997,41.392183,"TRAMVIA (T1,T2,T3) - FRANCESC MACIÀ-","Les Corts","les Corts"
"K011","Tram",2.126641,41.388002,"TRAMVIA (T1,T2,T3) - Mª CRISTINA-","Les Corts","la Maternitat i Sant Ramon"
"K001","Underground",2.178343,41.384137,"METRO (L4) - JAUME I (Pl. l'Àngel)-","Ciutat Vella","el Barri Gòtic"
"K001","Underground",2.179204,41.383774,"METRO (L4) - JAUME I (Via Laietana)-","Ciutat Vella","Sant Pere, Santa Caterina i la Ribera"
"K001","Underground",2.179125,41.383984,"METRO (L4) - JAUME I-","Ciutat Vella","Sant Pere, Santa Caterina i la Ribera"
"K001","Underground",2.164802,41.391905,"METRO (L3) - PASSEIG DE GRÀCIA (C. d'Aragó)-","Eixample","la Dreta de l'Eixample"
"K001","Underground",2.173357,41.403512,"METRO (L5) - SAGRADA FAMÍLIA (C. de Provença)-","Eixample","la Sagrada Família"
"K001","Underground",2.158487,41.394451,"METRO (L5) - DIAGONAL (Rambla de Catalunya)-","Eixample","la Dreta de l'Eixample"
"K001","Underground",2.175393,41.410166,"METRO (L5) - SANT PAU-DOS DE MAIG (C. de Cartagena)-","Eixample","la Sagrada Família"
"K001","Underground",2.160499,41.395422,"METRO (L3) - DIAGONAL (Pg. de Gràcia)-","Eixample","la Dreta de l'Eixample"
"K001","Underground",2.186242,41.42096,"METRO (L9, L10) - LA SAGRERA-","Sant Andreu","la Sagrera"
"K001","Underground",2.155126,41.424597,"METRO (L5) - EL CARMEL-","Horta-Guinardó","el Carmel"
"K001","Underground",2.182557,41.407338,"METRO (L2) - ENCANTS-","Sant Martí","el Camp de l'Arpa del Clot"
"K001","Underground",2.117108,41.368594,"METRO (L1) - TORRASSA-","",""
"K001","Underground",2.175019,41.390021,"METRO (L1) - URQUINAONA (C. Bruc)-","Eixample","la Dreta de l'Eixample"
"K001","Underground",2.103931,41.368184,"METRO (L1) - CAN SERRA-","",""
"K001","Underground",2.199663,41.449896,"METRO (L1) - BARÓ DE VIVER-","Sant Andreu","la Trinitat Vella"
"K001","Underground",2.158936,41.37487,"METRO (L3) - POBLE SEC (Av. del Paral.lel)-","Sants-Montjuïc","el Poble-sec"
"K001","Underground",2.136549,41.382673,"METRO (L3) - PLAÇA DEL CENTRE-","Les Corts","les Corts"
"K001","Underground",2.140979,41.417205,"METRO (L3) - PENITENTS (C. d'Anna Piferrer)-","Gràcia","Vallcarca i els Penitents"
"K002","Railway (FGC)",2.034689,41.357711,"FGC - MOLÍ NOU-CIUTAT COOPERATIVA-","",""
"K002","Railway (FGC)",2.068427,41.351845,"FGC - CORNELLÀ-RIERA-","",""
"K002","Railway (FGC)",2.012394,41.388104,"FGC - SANT VICENÇ DELS HORTS-","",""
"K011","Tram",2.069961,41.36843,"TRAMVIA (T2) - CENTRE MIQUEL MARTÍ I POL-","",""
"K001","Underground",2.158998,41.382457,"METRO (L1) - URGELL-","Eixample","Sant Antoni"
"K001","Underground",2.187227,41.421981,"METRO (L1) - LA SAGRERA (Av. Meridiana)-","Sant Andreu","la Sagrera"
"K001","Underground",2.106409,41.34472,"METRO (L1) - HOSPITAL DE BELLVITGE-","",""
"K001","Underground",2.128698,41.368443,"METRO (L1) - SANTA EULÀLIA-","",""
"K001","Underground",2.134031,41.373543,"METRO (L1) - MERCAT NOU-","Sants-Montjuïc","Sants"
"K004","Airport train",2.193312,41.435959,"Tren AEROPORT - SANT ANDREU COMTAL-","Sant Andreu","Sant Andreu"
"K001","Underground",2.157956,41.392909,"FGC (L6,L7) - PROVENÇA-","Eixample","l'Antiga Esquerra de l'Eixample"
"K001","Underground",2.187148,41.409242,"METRO (L1) - CLOT (C. Aragó)-","Sant Martí","el Clot"
"K001","Underground",2.133647,41.372953,"METRO (L1) - MERCAT NOU (C. de la Riera de Tena)-","Sants-Montjuïc","Sants"
"K001","Underground",2.154913,41.379656,"METRO (L1) - ROCAFORT (Gv. Corts Catalanes)-","Eixample","la Nova Esquerra de l'Eixample"
"K002","Railway (FGC)",2.118998,41.398967,"FGC - REINA ELISENDA-","Sarrià-Sant Gervasi","Sarrià"
"K008","Maritime station",2.175248,41.352808,"Terminal Marítima E *Creuers","Sants-Montjuïc","la Marina del Prat Vermell"
"K008","Maritime station",2.174767,41.350955,"Terminal Marítima D *Creuers","Sants-Montjuïc","la Marina del Prat Vermell"
"K002","Railway (FGC)",2.131188,41.397617,"FGC - LES TRES TORRES<center>-","Sarrià-Sant Gervasi","les Tres Torres"
"K001","Underground",2.158822,41.37522,"METRO (L3) - POBLE SEC (C. de Manso)-","Eixample","Sant Antoni"
